<?xml version="1.0" encoding="UTF-8"?>
<project-private xmlns="http://www.netbeans.org/ns/project-private/1">
    <editor-bookmarks xmlns="http://www.netbeans.org/ns/editor-bookmarks/2" lastBookmarkId="0"/>
    <open-files xmlns="http://www.netbeans.org/ns/projectui-open-files/2">
        <group>
            <file>file:/C:/xampp/htdocs/ExamenFinal/public_html/app.js</file>
            <file>file:/C:/xampp/htdocs/ExamenFinal/public_html/home/home.html</file>
            <file>file:/C:/xampp/htdocs/ExamenFinal/public_html/pages/buscar/buscar.html</file>
            <file>file:/C:/xampp/htdocs/ExamenFinal/public_html/pages/suscritas/suscritas.html</file>
            <file>file:/C:/xampp/htdocs/ExamenFinal/public_html/index.html</file>
            <file>file:/C:/xampp/htdocs/ExamenFinal/public_html/pages/mislistas/mislistas.html</file>
        </group>
    </open-files>
</project-private>
